id,stockid_i,stockid_j,date1,time1,lnA_B,lnA_B_sub,lnA_BsubC,lnA_BaddC,close_1,close_2,pearson_,norm_,avg_,stdev_,sample,commission,norm_num,open_,close_,clsoe_stats,values
0,GBPCAD,GBPSGD,2015.11.30,00:00,-0.05500333455727491,0,-0.0547206290638379,-0.05528596015090348,2.00905,2.12265,,,,,100,0.0006,0.9,0,0,0,0
1,GBPCAD,GBPSGD,2015.11.30,00:15,-0.05533343796562129,-0.00033010340834638274,-0.055050799058494415,-0.05561599701056785,2.00886,2.12315,,,,,100,0.0006,0.9,0,0,0,0
2,GBPCAD,GBPSGD,2015.11.30,00:30,-0.05522296293908635,0.00011047502653493968,-0.054940304059360234,-0.055505541945346626,2.00894,2.123,,,,,100,0.0006,0.9,0,0,0,0
3,GBPCAD,GBPSGD,2015.11.30,00:45,-0.054938285386262664,0.0002846775528236867,-0.05465560653111423,-0.055220884356657174,2.00937,2.12285,,,,,100,0.0006,0.9,0,0,0,0
4,GBPCAD,GBPSGD,2015.11.30,01:00,-0.05502603111155535,-8.77457252926872e-05,-0.054743585127471794,-0.055308397342430426,2.01085,2.1246,,,,,100,0.0006,0.9,0,0,0,0
5,GBPCAD,GBPSGD,2015.11.30,01:15,-0.05529514551201031,-0.0002691144004549617,-0.055012696868710576,-0.05557751440059999,2.01029,2.12458,,,,,100,0.0006,0.9,0,0,0,0
6,GBPCAD,GBPSGD,2015.11.30,01:30,-0.05539410242206544,-9.895691005512575e-05,-0.05511165643798188,-0.055676468652940514,2.01011,2.1246,,,,,100,0.0006,0.9,0,0,0,0
7,GBPCAD,GBPSGD,2015.11.30,01:45,-0.05531928312195922,7.48193001062214e-05,-0.05503676399118074,-0.05560172245822137,2.00974,2.12405,,,,,100,0.0006,0.9,0,0,0,0
8,GBPCAD,GBPSGD,2015.11.30,02:00,-0.055549818684730745,-0.00023053556277152776,-0.05526743916478216,-0.05583211848899561,2.01027,2.1251,,,,,100,0.0006,0.9,0,0,0,0
9,GBPCAD,GBPSGD,2015.11.30,02:15,-0.055855700351618576,-0.0003058816668878306,-0.05557348021804265,-0.05613784085946216,2.01079,2.1263,,,,,100,0.0006,0.9,0,0,0,0
10,GBPCAD,GBPSGD,2015.11.30,02:30,-0.055671080921799176,0.00018461942981939927,-0.05538874126531923,-0.055953340885097624,2.01031,2.1254,,,,,100,0.0006,0.9,0,0,0,0
11,GBPCAD,GBPSGD,2015.11.30,02:45,-0.05523076156074547,0.0004403193610537093,-0.05494843518958725,-0.05551300824622063,2.01129,2.1255,,,,,100,0.0006,0.9,0,0,0,0
12,GBPCAD,GBPSGD,2015.11.30,03:00,-0.05555789204341555,-0.0003271304826700794,-0.05527566925487459,-0.05584003520472636,2.01137,2.12628,,,,,100,0.0006,0.9,0,0,0,0
13,GBPCAD,GBPSGD,2015.11.30,03:15,-0.05561929879245997,-6.140674904442367e-05,-0.055337091932960436,-0.055901426033716284,2.01136,2.1264,,,,,100,0.0006,0.9,0,0,0,0
14,GBPCAD,GBPSGD,2015.11.30,03:30,-0.05514043840611205,0.0004788603863479235,-0.05485791794504302,-0.055422879071913456,2.01009,2.12404,,,,,100,0.0006,0.9,0,0,0,0
15,GBPCAD,GBPSGD,2015.11.30,03:45,-0.054924189106858035,0.00021624929925401215,-0.054641580818902136,-0.05520671754993378,2.0099,2.12338,,,,,100,0.0006,0.9,0,0,0,0
16,GBPCAD,GBPSGD,2015.11.30,04:00,-0.055096189038056465,-0.00017199993119842993,-0.05481374039475673,-0.055378557926646144,2.01069,2.12458,,,,,100,0.0006,0.9,0,0,0,0
17,GBPCAD,GBPSGD,2015.11.30,04:15,-0.05522127317995651,-0.0001250841419000448,-0.054938771341815795,-0.055503695233347417,2.01006,2.12418,,,,,100,0.0006,0.9,0,0,0,0
18,GBPCAD,GBPSGD,2015.11.30,04:30,-0.054511925780100334,0.000709347399856175,-0.05422926423714769,-0.05479450744808223,2.01035,2.12298,,,,,100,0.0006,0.9,0,0,0,0
19,GBPCAD,GBPSGD,2015.11.30,04:45,-0.05435568233251953,0.0001562434475808061,-0.05407298083514589,-0.054638303932343146,2.01038,2.12268,,,,,100,0.0006,0.9,0,0,0,0
20,GBPCAD,GBPSGD,2015.11.30,05:00,-0.05365375287867824,0.0007019294538412879,-0.053370851439652145,-0.053936574307114626,2.01037,2.12118,,,,,100,0.0006,0.9,0,0,0,0
21,GBPCAD,GBPSGD,2015.11.30,05:15,-0.05378944279982911,-0.0001356899211508722,-0.0535066107059291,-0.05407219492235382,2.01059,2.1217,,,,,100,0.0006,0.9,0,0,0,0
22,GBPCAD,GBPSGD,2015.11.30,05:30,-0.054584210394785226,-0.0007947675949561139,-0.0543015355349471,-0.05486680537212718,2.01011,2.12288,,,,,100,0.0006,0.9,0,0,0,0
23,GBPCAD,GBPSGD,2015.11.30,05:45,-0.05446074347577934,0.0001234669190058879,-0.05417798868827073,-0.054743418335617466,2.00979,2.12228,,,,,100,0.0006,0.9,0,0,0,0
24,GBPCAD,GBPSGD,2015.11.30,06:00,-0.0543004420383465,0.00016030143743284153,-0.05401774320495223,-0.05458306097569632,2.01051,2.1227,,,,,100,0.0006,0.9,0,0,0,0
25,GBPCAD,GBPSGD,2015.11.30,06:15,-0.05395124617154401,0.0003491958668024875,-0.05366845140324783,-0.05423396098956823,2.01053,2.12198,,,,,100,0.0006,0.9,0,0,0,0
26,GBPCAD,GBPSGD,2015.11.30,06:30,-0.0539782224183023,-2.6976246758292355e-05,-0.05369546763079369,-0.05426089727814043,2.01076,2.12228,,,,,100,0.0006,0.9,0,0,0,0
27,GBPCAD,GBPSGD,2015.11.30,06:45,-0.05392585520260862,5.2367215693682745e-05,-0.05364306310005007,-0.054208567356402226,2.0106,2.122,,,,,100,0.0006,0.9,0,0,0,0
28,GBPCAD,GBPSGD,2015.11.30,07:00,-0.05393657430711485,-1.0719104506229371e-05,-0.05365375287867846,-0.05421931577020633,2.01037,2.12178,,,,,100,0.0006,0.9,0,0,0,0
29,GBPCAD,GBPSGD,2015.11.30,07:15,-0.05425623744166941,-0.00031966313455455975,-0.0539734853191447,-0.0545389096380301,2.01022,2.1223,,,,,100,0.0006,0.9,0,0,0,0
30,GBPCAD,GBPSGD,2015.11.30,07:30,-0.05400518066035731,0.00025105678131209785,-0.053722415212410835,-0.05428786617460735,2.01063,2.1222,,,,,100,0.0006,0.9,0,0,0,0
31,GBPCAD,GBPSGD,2015.11.30,07:45,-0.053794652559868816,0.00021052810048849402,-0.0535117937987899,-0.054077431334493165,2.01039,2.1215,,,,,100,0.0006,0.9,0,0,0,0
32,GBPCAD,GBPSGD,2015.11.30,08:00,-0.0536527877194698,0.0001418648403990197,-0.05336994229260894,-0.05393555316741627,2.01077,2.1216,,,,,100,0.0006,0.9,0,0,0,0
33,GBPCAD,GBPSGD,2015.11.30,08:15,-0.05356110843506301,9.167928440678708e-05,-0.053278223001776315,-0.05384391386681209,2.01067,2.1213,,,,,100,0.0006,0.9,0,0,0,0
34,GBPCAD,GBPSGD,2015.11.30,08:30,-0.05370986733489258,-0.0001487588998295708,-0.05342703524099257,-0.05399261945741729,2.01075,2.1217,,,,,100,0.0006,0.9,0,0,0,0
35,GBPCAD,GBPSGD,2015.11.30,08:45,-0.05377168425656398,-6.181692167139818e-05,-0.05348889215400543,-0.054054396410357586,2.01091,2.122,,,,,100,0.0006,0.9,0,0,0,0
36,GBPCAD,GBPSGD,2015.11.30,09:00,-0.053674605581020995,9.70786755429831e-05,-0.05339182680639665,-0.053957304414415264,2.0112,2.1221,,,,,100,0.0006,0.9,0,0,0,0
37,GBPCAD,GBPSGD,2015.11.30,09:15,-0.05310913962184005,0.0005654659591809441,-0.05282625152105591,-0.053391947719578,2.01156,2.12128,,,,,100,0.0006,0.9,0,0,0,0
38,GBPCAD,GBPSGD,2015.11.30,09:30,-0.053392145756723464,-0.0002830061348834123,-0.05310931099633176,-0.053674900544232074,2.01137,2.12168,,,,,100,0.0006,0.9,0,0,0,0
39,GBPCAD,GBPSGD,2015.11.30,09:45,-0.05399185551078878,-0.000599709754065314,-0.05370918331442809,-0.05427444782615842,2.01132,2.1229,,,,,100,0.0006,0.9,0,0,0,0
40,GBPCAD,GBPSGD,2015.11.30,10:00,-0.05309302329962651,0.0008988322111622704,-0.05281008984368751,-0.05337587672686728,2.01127,2.12094,,,,,100,0.0006,0.9,0,0,0,0
41,GBPCAD,GBPSGD,2015.11.30,10:15,-0.052975363853333124,0.00011765944629338332,-0.052692318281106654,-0.053258329333432886,2.01071,2.1201,,,,,100,0.0006,0.9,0,0,0,0
42,GBPCAD,GBPSGD,2015.11.30,10:30,-0.05284003208477339,0.00013533176855973217,-0.05255704391650673,-0.05312294019339214,2.01139,2.12053,,,,,100,0.0006,0.9,0,0,0,0
43,GBPCAD,GBPSGD,2015.11.30,10:45,-0.053106396405507184,-0.0002663643207337918,-0.052823470954475704,-0.05338924183236804,2.0113,2.121,,,,,100,0.0006,0.9,0,0,0,0
44,GBPCAD,GBPSGD,2015.11.30,11:00,-0.05339611986084358,-0.0002897234553363992,-0.05311308497018685,-0.05367907466541755,2.00994,2.12018,,,,,100,0.0006,0.9,0,0,0,0
45,GBPCAD,GBPSGD,2015.11.30,11:15,-0.05293764301968229,0.0004584768411612927,-0.05265432747037435,-0.05322087832402389,2.00887,2.11808,,,,,100,0.0006,0.9,0,0,0,0
46,GBPCAD,GBPSGD,2015.11.30,11:30,-0.05287308140511404,6.456161456824816e-05,-0.05258973909737885,-0.05315634345272657,2.00881,2.11788,,,,,100,0.0006,0.9,0,0,0,0
47,GBPCAD,GBPSGD,2015.11.30,11:45,-0.05211946098444642,0.0007536204206676222,-0.05183602498239781,-0.05240281667329094,2.00966,2.11718,,,,,100,0.0006,0.9,0,0,0,0
48,GBPCAD,GBPSGD,2015.11.30,12:00,-0.05241795722541709,-0.0002984962409706693,-0.052134547999494574,-0.052701286153306826,2.00925,2.11738,,,,,100,0.0006,0.9,0,0,0,0
49,GBPCAD,GBPSGD,2015.11.30,12:15,-0.05302963482801715,-0.0006116776026000581,-0.05274625504999075,-0.053312934324694417,2.00823,2.1176,,,,,100,0.0006,0.9,0,0,0,0
50,GBPCAD,GBPSGD,2015.11.30,12:30,-0.05397179747056391,-0.0009421626425467622,-0.05368861831065763,-0.05425489646273485,2.00776,2.1191,,,,,100,0.0006,0.9,0,0,0,0
51,GBPCAD,GBPSGD,2015.11.30,12:45,-0.05404363419504843,-7.183672448451972e-05,-0.05376054588847945,-0.0543266423853076,2.00826,2.11978,,,,,100,0.0006,0.9,0,0,0,0
52,GBPCAD,GBPSGD,2015.11.30,13:00,-0.05429413484573831,-0.0002505006506898777,-0.05401114000378893,-0.05457704962426402,2.00842,2.12048,,,,,100,0.0006,0.9,0,0,0,0
53,GBPCAD,GBPSGD,2015.11.30,13:15,-0.05406066900184747,0.00023346584389083436,-0.053777570009676534,-0.054343687871661106,2.00815,2.1197,,,,,100,0.0006,0.9,0,0,0,0
54,GBPCAD,GBPSGD,2015.11.30,13:30,-0.053646025442720346,0.0004146435591271258,-0.05336285697446863,-0.053929113749289326,2.00849,2.11918,,,,,100,0.0006,0.9,0,0,0,0
55,GBPCAD,GBPSGD,2015.11.30,13:45,-0.05421062271342303,-0.0005645972707026825,-0.053927470281139644,-0.05449369499310153,2.00747,2.1193,,,,,100,0.0006,0.9,0,0,0,0
56,GBPCAD,GBPSGD,2015.11.30,14:00,-0.05407351237873781,0.00013711033468521983,-0.053790373308373884,-0.05435657130406035,2.00784,2.1194,,,,,100,0.0006,0.9,0,0,0,0
57,GBPCAD,GBPSGD,2015.11.30,14:15,-0.05513254790147448,-0.0010590355227366732,-0.05484961978219094,-0.05541539599507839,2.00721,2.12098,,,,,100,0.0006,0.9,0,0,0,0
58,GBPCAD,GBPSGD,2015.11.30,14:30,-0.054544653558879164,0.0005878943425953187,-0.05426152517714289,-0.05482770180162411,2.00697,2.11948,,,,,100,0.0006,0.9,0,0,0,0
59,GBPCAD,GBPSGD,2015.11.30,14:45,-0.05459712873765554,-5.247517877637886e-05,-0.054313986995008556,-0.05488019033374847,2.00677,2.11938,,,,,100,0.0006,0.9,0,0,0,0
60,GBPCAD,GBPSGD,2015.11.30,15:00,-0.05540692949611814,-0.0008098007584625977,-0.05512387591218526,-0.055689902983390716,2.00577,2.12004,,,,,100,0.0006,0.9,0,0,0,0
61,GBPCAD,GBPSGD,2015.11.30,15:15,-0.05445088325383063,0.0009560462422875116,-0.054167674687710665,-0.054734011635566904,2.00659,2.11888,,,,,100,0.0006,0.9,0,0,0,0
62,GBPCAD,GBPSGD,2015.11.30,15:30,-0.054748800154037935,-0.00029791690020730677,-0.05446584801821952,-0.05503167225059202,2.00781,2.1208,,,,,100,0.0006,0.9,0,0,0,0
63,GBPCAD,GBPSGD,2015.11.30,15:45,-0.05446109616702277,0.0002877039870151643,-0.0541780879767636,-0.054744024286306314,2.00799,2.12038,,,,,100,0.0006,0.9,0,0,0,0
64,GBPCAD,GBPSGD,2015.11.30,16:00,-0.05420118559061293,0.0002599105764098386,-0.053918030485794244,-0.054484260541313834,2.00747,2.11928,,,,,100,0.0006,0.9,0,0,0,0
65,GBPCAD,GBPSGD,2015.11.30,16:15,-0.054654913039326236,-0.0004537274487133036,-0.05437173120638017,-0.05493801470302373,2.00637,2.11908,,,,,100,0.0006,0.9,0,0,0,0
66,GBPCAD,GBPSGD,2015.11.30,16:30,-0.055008848581887704,-0.00035393554256146764,-0.05472566674894164,-0.0552919502455852,2.00566,2.11908,,,,,100,0.0006,0.9,0,0,0,0
67,GBPCAD,GBPSGD,2015.11.30,16:45,-0.055968618025395545,-0.0009597694435078408,-0.055685916528021906,-0.05625123962521916,2.00714,2.12268,,,,,100,0.0006,0.9,0,0,0,0
68,GBPCAD,GBPSGD,2015.11.30,17:00,-0.05469837370196928,0.0012702443234262617,-0.0544157001738762,-0.05498096734831881,2.00989,2.12289,,,,,100,0.0006,0.9,0,0,0,0
69,GBPCAD,GBPSGD,2015.11.30,17:15,-0.05512720365772894,-0.00042882995575965754,-0.054844302218702845,-0.055410025086165327,2.00741,2.12118,,,,,100,0.0006,0.9,0,0,0,0
70,GBPCAD,GBPSGD,2015.11.30,17:30,-0.055491884372256495,-0.00036468071452755435,-0.055209052278356485,-0.055774636494781205,2.00717,2.1217,,,,,100,0.0006,0.9,0,0,0,0
71,GBPCAD,GBPSGD,2015.11.30,17:45,-0.055921838994262285,-0.0004299546220057904,-0.05563907354631581,-0.05620452450851232,2.00678,2.1222,,,,,100,0.0006,0.9,0,0,0,0
72,GBPCAD,GBPSGD,2015.11.30,18:00,-0.05616939091445505,-0.00024755192019276784,-0.05588631596375415,-0.05645238575640443,2.00409,2.11988,,,,,100,0.0006,0.9,0,0,0,0
73,GBPCAD,GBPSGD,2015.11.30,18:15,-0.05729640919986578,-0.0011270182854107302,-0.05701374765691314,-0.05757899086784768,2.00476,2.12298,,,,,100,0.0006,0.9,0,0,0,0
74,GBPCAD,GBPSGD,2015.11.30,18:30,-0.05594841118972438,0.0013479980101414046,-0.05566551508614592,-0.0562312272857306,2.0058,2.12122,,,,,100,0.0006,0.9,0,0,0,0
75,GBPCAD,GBPSGD,2015.11.30,18:45,-0.05598977439523978,-4.136320551539896e-05,-0.055706699444538876,-0.05627276923718916,2.00445,2.11988,,,,,100,0.0006,0.9,0,0,0,0
76,GBPCAD,GBPSGD,2015.11.30,19:00,-0.05561608561732678,0.00037368877791299493,-0.05533298395362929,-0.05589910715715507,2.00501,2.11968,,,,,100,0.0006,0.9,0,0,0,0
77,GBPCAD,GBPSGD,2015.11.30,19:15,-0.05550556993239175,0.00011051568493503083,-0.05522252168964681,-0.05578853808149875,2.00561,2.12008,,,,,100,0.0006,0.9,0,0,0,0
78,GBPCAD,GBPSGD,2015.11.30,19:30,-0.05576732555753017,-0.00026175562513841566,-0.05548443745674603,-0.05605013365526812,2.00622,2.12128,,,,,100,0.0006,0.9,0,0,0,0
79,GBPCAD,GBPSGD,2015.11.30,19:45,-0.054996075900030084,0.0007712496575000838,-0.054713107750923085,-0.055278964000814224,2.0072,2.12068,,,,,100,0.0006,0.9,0,0,0,0
80,GBPCAD,GBPSGD,2015.11.30,20:00,-0.05475627432158503,0.00023980157844505356,-0.054473159299498475,-0.05503930921224176,2.00664,2.11958,,,,,100,0.0006,0.9,0,0,0,0
81,GBPCAD,GBPSGD,2015.11.30,20:15,-0.05485373355620815,-9.745923462312067e-05,-0.054570754730568494,-0.055136632327485224,2.00741,2.1206,,,,,100,0.0006,0.9,0,0,0,0
82,GBPCAD,GBPSGD,2015.11.30,20:30,-0.05508735210475846,-0.00023361854855030728,-0.05480445066573236,-0.055370173533194844,2.00749,2.12118,,,,,100,0.0006,0.9,0,0,0,0
83,GBPCAD,GBPSGD,2015.11.30,20:45,-0.05504625953057396,4.1092574184498076e-05,-0.054763414103713104,-0.055329024978520436,2.00797,2.1216,,,,,100,0.0006,0.9,0,0,0,0
84,GBPCAD,GBPSGD,2015.11.30,21:00,-0.05536020469897196,-0.0003139451683979999,-0.055077556471650024,-0.05564277305884735,2.00874,2.12308,,,,,100,0.0006,0.9,0,0,0,0
85,GBPCAD,GBPSGD,2015.11.30,21:15,-0.055493040510297464,-0.0001328358113255046,-0.05521049876287498,-0.05577550245042928,2.00923,2.12388,,,,,100,0.0006,0.9,0,0,0,0
86,GBPCAD,GBPSGD,2015.11.30,21:30,-0.054893997561334285,0.0005990429489631799,-0.05461141589335239,-0.055176499399475,2.01015,2.12358,,,,,100,0.0006,0.9,0,0,0,0
87,GBPCAD,GBPSGD,2015.11.30,21:45,-0.054576283438282025,0.00031771412305225954,-0.05429364852533647,-0.05485883849130435,2.01041,2.12318,,,,,100,0.0006,0.9,0,0,0,0
88,GBPCAD,GBPSGD,2015.11.30,22:00,-0.054402204749301575,0.0001740786889804502,-0.05411956983635602,-0.0546847598023239,2.01076,2.12318,,,,,100,0.0006,0.9,0,0,0,0
89,GBPCAD,GBPSGD,2015.11.30,22:15,-0.05421351481625658,0.00018868993304499426,-0.053930853273303936,-0.054496096484238477,2.01095,2.12298,,,,,100,0.0006,0.9,0,0,0,0
90,GBPCAD,GBPSGD,2015.11.30,22:30,-0.05393979998774012,0.0002737148285164581,-0.053657165074794566,-0.05422235504076245,2.01169,2.12318,,,,,100,0.0006,0.9,0,0,0,0
91,GBPCAD,GBPSGD,2015.11.30,22:45,-0.053903380250137634,3.6419737602488844e-05,-0.05362065211020761,-0.05418602847745957,2.0111,2.12248,,,,,100,0.0006,0.9,0,0,0,0
92,GBPCAD,GBPSGD,2015.11.30,23:00,-0.054709948633645755,-0.0008065683835081217,-0.05442736696566386,-0.05499245047178647,2.01052,2.12358,,,,,100,0.0006,0.9,0,0,0,0
93,GBPCAD,GBPSGD,2015.11.30,23:15,-0.054496700848921,0.00021324778472475714,-0.05421406593597544,-0.054779255901943325,2.01057,2.12318,,,,,100,0.0006,0.9,0,0,0,0
94,GBPCAD,GBPSGD,2015.11.30,23:30,-0.054590272631373504,-9.357178245250619e-05,-0.05430771757835118,-0.0548727478695894,2.01095,2.12378,,,,,100,0.0006,0.9,0,0,0,0
95,GBPCAD,GBPSGD,2015.11.30,23:45,-0.05444900508453199,0.000141267546841517,-0.05416641010719003,-0.054731520224513885,2.01095,2.12348,,,,,100,0.0006,0.9,0,0,0,0
96,GBPCAD,GBPSGD,2015.12.01,00:00,-0.05435949915719074,8.950592734124907e-05,-0.054076904179848784,-0.054642014297172636,2.01113,2.12348,,,,,100,0.0006,0.9,0,0,0,0
97,GBPCAD,GBPSGD,2015.12.01,00:15,-0.05354533788235294,0.0008141612748377991,-0.05326255910772859,-0.05382803671574721,2.01146,2.1221,,,,,100,0.0006,0.9,0,0,0,0
98,GBPCAD,GBPSGD,2015.12.01,00:30,-0.054629740891533496,-0.0010844030091805568,-0.05434721244845775,-0.05491218953483323,2.01106,2.12398,,,,,100,0.0006,0.9,0,0,0,0
99,GBPCAD,GBPSGD,2015.12.01,00:45,-0.055593927735555604,-0.000964186844022108,-0.055311428557632714,-0.05587634713023104,2.00933,2.1242,,,,,100,0.0006,0.9,0,0,0,0
100,GBPCAD,GBPSGD,2015.12.01,01:00,-0.055678122879285086,-8.419514372948189e-05,-0.05539565030078619,-0.05596051568955818,2.00935,2.1244,0.5356166719213155,0.435043213014,-5.9059317828069615e-06,0.00047869049507577393,100,0.0006,0.9,0,0,0,0
101,GBPCAD,GBPSGD,2015.12.01,01:15,-0.055410340135099045,0.0002677827441860403,-0.05512783829695833,-0.05569276218848995,2.00968,2.12418,0.5330325312313946,0.71682228759,-6.74788322010178e-06,0.0004787540421009077,100,0.0006,0.9,0,0,0,0
102,GBPCAD,GBPSGD,2015.12.01,01:30,-0.0552223851810868,0.00018795495401224827,-0.0549398035131049,-0.05550488701922751,2.00949,2.12358,0.5345324566869061,0.653387802071,-7.690216947775497e-07,0.00047840825557477916,100,0.0006,0.9,0,0,0,0
103,GBPCAD,GBPSGD,2015.12.01,01:45,-0.054689273024303375,0.0005331121567834218,-0.05440657019492112,-0.054971895955382766,2.0097,2.12267,0.5354793482576677,0.867309773708,5.777579995536186e-09,0.00047865291731916636,100,0.0006,0.9,0,0,0,0
104,GBPCAD,GBPSGD,2015.12.01,02:00,-0.05495473278567653,-0.00026545976137315463,-0.054672071242723885,-0.055237314453658426,2.00946,2.12298,0.5361561724766071,0.288655403135,2.490123619592888e-06,0.0004807853434899405,100,0.0006,0.9,0,0,0,0
105,GBPCAD,GBPSGD,2015.12.01,02:15,-0.05526717366746747,-0.000312440881790943,-0.05498459199948558,-0.05554967550560819,2.0094,2.12358,0.5312811014126051,0.257704444652,7.129832587882134e-07,0.00048145023883141446,100,0.0006,0.9,0,0,0,0
106,GBPCAD,GBPSGD,2015.12.01,02:30,-0.055309286252128165,-4.211258466069179e-05,-0.055026717892252774,-0.05559177478968025,2.00941,2.12368,0.5281760673177269,0.464937192398,2.797184454284007e-07,0.0004817149359159442,100,0.0006,0.9,0,0,0,0
107,GBPCAD,GBPSGD,2015.12.01,02:45,-0.055535833005654456,-0.00022654675352629106,-0.05525342424534052,-0.055818162033776986,2.01009,2.12488,0.5259374149511181,0.318414882821,8.481616993727403e-07,0.00048163018164343465,100,0.0006,0.9,0,0,0,0
108,GBPCAD,GBPSGD,2015.12.01,03:00,-0.05529610594078549,0.00023972706486896644,-0.05501367724038664,-0.05557845489773483,2.01043,2.12473,0.5267006247529213,0.692075564094,-2.1654988369523842e-06,0.0004821052743315264,100,0.0006,0.9,0,0,0,0
109,GBPCAD,GBPSGD,2015.12.01,03:15,-0.05466814948162779,0.0006279564591576969,-0.054385527881804174,-0.054950691229050275,2.01032,2.12328,0.5280869459493932,0.902710250991,2.5371274394525578e-06,0.00048214872297079587,100,0.0006,0.9,0,0,0,0
110,GBPCAD,GBPSGD,2015.12.01,03:30,-0.05533035984288659,-0.0006622103612587971,-0.055048057382157345,-0.05561258263142754,2.01126,2.12568,0.5264270444632877,0.0823493250721,1.1875508699907833e-05,0.00048514892399097604,100,0.0006,0.9,0,0,0,0
111,GBPCAD,GBPSGD,2015.12.01,03:45,-0.05523686021586005,9.349962702653869e-05,-0.054954577677394756,-0.05551906309338017,2.01159,2.12583,0.533449669716328,0.573016575596,3.4072107891258698e-06,0.0004894746560989388,100,0.0006,0.9,0,0,0,0
112,GBPCAD,GBPSGD,2015.12.01,04:00,-0.05548142525800648,-0.0002445650421464274,-0.05519916263899349,-0.055763608227314965,2.01124,2.12598,0.5357491779778756,0.308019465681,-6.098655114583628e-08,0.0004875726315693415,100,0.0006,0.9,0,0,0,0
113,GBPCAD,GBPSGD,2015.12.01,04:15,-0.05522669475916098,0.00025473049884550125,-0.05494433915864416,-0.05550897065749649,2.01109,2.12528,0.5347640684968703,0.698956523416,7.646678540906837e-07,0.00048708284033861755,100,0.0006,0.9,0,0,0,0
114,GBPCAD,GBPSGD,2015.12.01,04:30,-0.054828979627320695,0.0003977151318402816,-0.05454662402680388,-0.05511125552565621,2.01189,2.12528,0.5328601411289277,0.79029346709,3.926040332989933e-06,0.00048770078561353786,100,0.0006,0.9,0,0,0,0
115,GBPCAD,GBPSGD,2015.12.01,04:45,-0.05502445226074959,-0.00019547263342889476,-0.0547421630818421,-0.05530666177496457,2.01197,2.12578,0.5427924634894264,0.341709473815,3.114587787913514e-06,0.0004869695502330151,100,0.0006,0.9,0,0,0,0
116,GBPCAD,GBPSGD,2015.12.01,05:00,-0.055265351368604554,-0.00024089910785496382,-0.05498307547026904,-0.05554754760974201,2.01158,2.12588,0.5539531112481655,0.311108043177,-1.002631538915555e-06,0.00048688984372425063,100,0.0006,0.9,0,0,0,0
117,GBPCAD,GBPSGD,2015.12.01,05:15,-0.05519225599859778,7.309537000677047e-05,-0.05490987382068435,-0.05547455845932703,2.01097,2.12508,0.559412092914528,0.561001577284,-1.6916233054808938e-06,0.0004871829250560766,100,0.0006,0.9,0,0,0,0
118,GBPCAD,GBPSGD,2015.12.01,05:30,-0.05489594409580967,0.0002963119027881156,-0.05461350210045646,-0.055178306340206595,2.01114,2.12463,0.563564931773729,0.72832299726,2.9017181358725887e-07,0.00048707898342861513,100,0.0006,0.9,0,0,0,0
119,GBPCAD,GBPSGD,2015.12.01,05:45,-0.05468019648907818,0.00021574760673148674,-0.05439781431116475,-0.054962498949807426,2.012,2.12508,0.5674253546065287,0.67540234959,-3.840183157093335e-06,0.0004827374425239183,100,0.0006,0.9,0,0,0,0
120,GBPCAD,GBPSGD,2015.12.01,06:00,-0.05450422472029959,0.00017597176877859333,-0.05422180266690868,-0.054786567033994094,2.01207,2.12478,0.5756642895723283,0.644707286545,-3.245141565586529e-06,0.00048297337718864125,100,0.0006,0.9,0,0,0,0
121,GBPCAD,GBPSGD,2015.12.01,06:15,-0.0542212505013534,0.0002829742189461859,-0.053938801858053664,-0.05450361938994308,2.01245,2.12458,0.5867726590533796,0.72897571418,-8.504718416213475e-06,0.0004780552586324577,100,0.0006,0.9,0,0,0,0
122,GBPCAD,GBPSGD,2015.12.01,06:30,-0.05421573042687011,5.5200744832895055e-06,-0.05393333495838204,-0.054498046170671,2.01284,2.12498,0.5964363835833373,0.508197331934,-4.318077015242894e-06,0.00047876289759051866,100,0.0006,0.9,0,0,0,0
123,GBPCAD,GBPSGD,2015.12.01,06:45,-0.05387222595764851,0.0003435044692216005,-0.05358985972677344,-0.05415451248034164,2.01374,2.1252,0.6052698788447283,0.76419689636,3.6847996791511404e-06,0.00047205823819031494,100,0.0006,0.9,0,0,0,0
124,GBPCAD,GBPSGD,2015.12.01,07:00,-0.0538904948804354,-1.8268922786890407e-05,-0.05360808612012147,-0.05417282390855793,2.0134,2.12488,0.6162774685547596,0.479642319528,5.885175181308266e-06,0.0004731338091055454,100,0.0006,0.9,0,0,0,0
125,GBPCAD,GBPSGD,2015.12.01,07:15,-0.053992445082430174,-0.00010195020199477156,-0.05371002302903927,-0.05427478739612468,2.0131,2.12478,0.6242489556328052,0.411276555088,4.099471579110947e-06,0.000472882037260698,100,0.0006,0.9,0,0,0,0
126,GBPCAD,GBPSGD,2015.12.01,07:30,-0.05402305378874672,-3.060870631654833e-05,-0.05374075398448186,-0.05430527392232265,2.01391,2.1257,0.6325200521593545,0.474478810751,-4.1198910886164344e-07,0.00047170702663529556,100,0.0006,0.9,0,0,0,0
127,GBPCAD,GBPSGD,2015.12.01,07:45,-0.05429033775917014,-0.00026728397042341534,-0.054008168060442285,-0.054572427860618555,2.0143,2.12668,0.6447429330440047,0.285806259192,-4.4831370444420315e-07,0.00047170923278034633,100,0.0006,0.9,0,0,0,0
128,GBPCAD,GBPSGD,2015.12.01,08:00,-0.05494901341712677,-0.0006586756579566311,-0.054667175077731556,-0.05523077234605278,2.01534,2.12918,0.6610381587530288,0.0827950926619,-3.644825565615184e-06,0.00047243021447643984,100,0.0006,0.9,0,0,0,0
129,GBPCAD,GBPSGD,2015.12.01,08:15,-0.054383212601684994,0.0005658008154417749,-0.05410117554014582,-0.0546651701407479,2.01506,2.12768,0.6865566952432799,0.886383395015,-1.01243911001192e-05,0.0004769500886205933,100,0.0006,0.9,0,0,0,0
130,GBPCAD,GBPSGD,2015.12.01,08:30,-0.055062259481139075,-0.0006790468794540816,-0.05478030194207617,-0.05534413754255685,2.01426,2.12828,0.7028370397990565,0.0786920038318,-1.269751600155855e-06,0.00047935870947124205,100,0.0006,0.9,0,0,0,0
131,GBPCAD,GBPSGD,2015.12.01,08:45,-0.05529832608375884,-0.00023606660261976664,-0.0550165274551927,-0.05558004532422878,2.01492,2.12948,0.7163548256371478,0.32044319825,-1.0570788207817649e-05,0.000483419581540686,100,0.0006,0.9,0,0,0,0
132,GBPCAD,GBPSGD,2015.12.01,09:00,-0.05533592522371222,-3.759913995338149e-05,-0.05505401405205479,-0.05561775694385862,2.01404,2.12863,0.7330574373776889,0.481387108206,-1.5036735238900256e-05,0.0004834192595023928,100,0.0006,0.9,0,0,0,0
133,GBPCAD,GBPSGD,2015.12.01,09:15,-0.055411355757589265,-7.543053387704113e-05,-0.055129464453008925,-0.055693167621854944,2.01403,2.12878,0.7447359164757734,0.451733781965,-1.683137504242427e-05,0.0004831639488962912,100,0.0006,0.9,0,0,0,0
134,GBPCAD,GBPSGD,2015.12.01,09:30,-0.05518158406324536,0.00022977169434390543,-0.054899650372181585,-0.05546343829010614,2.01419,2.12846,0.7560041642201684,0.696355345709,-1.850247322526255e-05,0.0004830738362021289,100,0.0006,0.9,0,0,0,0
135,GBPCAD,GBPSGD,2015.12.01,09:45,-0.05546786730037667,-0.0002862832371313129,-0.05518601572155135,-0.055749639461273204,2.0142,2.12908,0.7662610943952762,0.287181580335,-1.4717167283527787e-05,0.0004835257011395231,100,0.0006,0.9,0,0,0,0
136,GBPCAD,GBPSGD,2015.12.01,10:00,-0.05483801390882881,0.0006298533915478632,-0.05455608551677249,-0.05511986283966863,2.01492,2.1285,0.7756260769416425,0.909169497586,-1.6961830438126934e-05,0.00048426700994040785,100,0.0006,0.9,0,0,0,0
137,GBPCAD,GBPSGD,2015.12.01,10:15,-0.05492504069902027,-8.702679019145787e-05,-0.05464309905907172,-0.05520690287028551,2.01465,2.1284,0.7862842958625647,0.438666149495,-1.1634083278078133e-05,0.0004884469860520922,100,0.0006,0.9,0,0,0,0
138,GBPCAD,GBPSGD,2015.12.01,10:30,-0.05532771104309153,-0.00040267034407126534,-0.055045766753415104,-0.055609575862591076,2.01382,2.12838,0.7990074090199896,0.213948015098,-1.815901077180215e-05,0.000485005961574561,100,0.0006,0.9,0,0,0,0
139,GBPCAD,GBPSGD,2015.12.01,10:45,-0.05611890036888656,-0.0007911893257950275,-0.05583716790017357,-0.056400553486770755,2.01374,2.12998,0.807498391389631,0.0560588114941,-1.9355652863680682e-05,0.0004858129629762392,100,0.0006,0.9,0,0,0,0
140,GBPCAD,GBPSGD,2015.12.01,11:00,-0.0561522900879613,-3.338971907473898e-05,-0.0558706369700771,-0.05643386389970295,2.01424,2.13058,0.811399036731093,0.490103463019,-2.127044858097782e-05,0.0004884934472871384,100,0.0006,0.9,0,0,0,0
141,GBPCAD,GBPSGD,2015.12.01,11:15,-0.05654553987578259,-0.0003932497878212926,-0.05626356908608798,-0.05682743118036293,2.01118,2.12818,0.821101723778822,0.224761093186,-3.059266788334791e-05,0.00047957079454617513,100,0.0006,0.9,0,0,0,0
142,GBPCAD,GBPSGD,2015.12.01,11:30,-0.05583407549060293,0.0007114643851796609,-0.055551839426487004,-0.05611623191999826,2.01072,2.12618,0.8231996554696684,0.939948764449,-3.570176022449467e-05,0.0004806956004195883,100,0.0006,0.9,0,0,0,0
143,GBPCAD,GBPSGD,2015.12.01,11:45,-0.05584389519263255,-9.819702029623123e-06,-0.05556151301471912,-0.0561261976533618,2.00966,2.12508,0.8297802947360422,0.516505404188,-2.9940434058295384e-05,0.00048618742758014085,100,0.0006,0.9,0,0,0,0
144,GBPCAD,GBPSGD,2015.12.01,12:00,-0.056221527496913226,-0.00037763230428067285,-0.05593929408801224,-0.056503681272591866,2.00996,2.1262,0.8339164193414441,0.235367990175,-2.7374987871253698e-05,0.00048560379677945126,100,0.0006,0.9,0,0,0,0
145,GBPCAD,GBPSGD,2015.12.01,12:15,-0.056661382609908495,-0.0004398551129952688,-0.056379308422527474,-0.05694337725387899,2.01021,2.1274,0.8341959367575765,0.198600092125,-2.8254076360696433e-05,0.00048616277241430786,100,0.0006,0.9,0,0,0,0
146,GBPCAD,GBPSGD,2015.12.01,12:30,-0.056292858412751334,0.00036852419715716067,-0.056010810744825945,-0.0565748265522199,2.01114,2.1276,0.8339366123243273,0.798414598822,-3.7237395902262047e-05,0.0004853771657608685,100,0.0006,0.9,0,0,0,0
147,GBPCAD,GBPSGD,2015.12.01,12:45,-0.056290681115697905,2.1772970534295055e-06,-0.05600864405415873,-0.05657263865476081,2.01122,2.12768,0.8375309729353421,0.529771979542,-3.419777007637293e-05,0.0004869702644824073,100,0.0006,0.9,0,0,0,0
148,GBPCAD,GBPSGD,2015.12.01,13:00,-0.05583636708393902,0.0004543140317588845,-0.0555542663721148,-0.05611838823739457,2.01168,2.1272,0.8497955407597539,0.849064990329,-4.171220131251485e-05,0.0004804446886534716,100,0.0006,0.9,0,0,0,0
149,GBPCAD,GBPSGD,2015.12.01,13:15,-0.05591450881340165,-7.814172946263298e-05,-0.05563234176864018,-0.05619659626238083,2.01105,2.1267,0.8613835037172226,0.463688124459,-3.418409858521932e-05,0.00048227490729550986,100,0.0006,0.9,0,0,0,0
150,GBPCAD,GBPSGD,2015.12.01,13:30,-0.056232875358640744,-0.00031836654523909047,-0.05595056227155426,-0.05651510876754173,2.00937,2.1256,0.8661520124083745,0.272681116974,-2.884873985384506e-05,0.0004787600404341685,100,0.0006,0.9,0,0,0,0
151,GBPCAD,GBPSGD,2015.12.01,13:45,-0.05566601376249192,0.0005668615961488266,-0.0553835518223601,-0.05594839594040535,2.00945,2.12448,0.863290428922901,0.894757737262,-2.2610778880768345e-05,0.0004707365120552134,100,0.0006,0.9,0,0,0,0
152,GBPCAD,GBPSGD,2015.12.01,14:00,-0.05608566537763504,-0.000419651615143124,-0.055803244653608086,-0.056368006362715994,2.0089,2.12479,0.863238990407252,0.197542894893,-1.6223795674434882e-05,0.000474380708958485,100,0.0006,0.9,0,0,0,0
153,GBPCAD,GBPSGD,2015.12.01,14:15,-0.05562040990974226,0.00046525546789277783,-0.05533800114942833,-0.05590273893786479,2.00992,2.12488,0.8610509691206159,0.845204168469,-1.7915305318967344e-05,0.00047552470632689943,100,0.0006,0.9,0,0,0,0
154,GBPCAD,GBPSGD,2015.12.01,14:30,-0.055493040510297464,0.00012736939944479886,-0.05521049876287498,-0.05577550245042928,2.00923,2.12388,0.8612213593503879,0.617727340333,-1.559740907894791e-05,0.00047732392846680283,100,0.0006,0.9,0,0,0,0
155,GBPCAD,GBPSGD,2015.12.01,14:45,-0.055631458976386994,-0.00013841846608952935,-0.05534894649687361,-0.055913891665140714,2.00916,2.1241,0.864320344043879,0.400435396242,-1.847015067577118e-05,0.00047556964342721674,100,0.0006,0.9,0,0,0,0
156,GBPCAD,GBPSGD,2015.12.01,15:00,-0.056195510992982256,-0.0005640520165952623,-0.055912942633106866,-0.05647799953053434,2.00763,2.12368,0.8634652311997169,0.122287741552,-1.4208362629639648e-05,0.00047252597141605773,100,0.0006,0.9,0,0,0,0
157,GBPCAD,GBPSGD,2015.12.01,15:15,-0.05675247291954488,-0.0005569619265626269,-0.05646993383309207,-0.057034932200210164,2.00672,2.1239,0.8619526620790596,0.129911862816,-2.121998614244447e-05,0.00047545101375756876,100,0.0006,0.9,0,0,0,0
158,GBPCAD,GBPSGD,2015.12.01,15:30,-0.05658223429300102,0.00017023862654386157,-0.05629969919790856,-0.05686468958456026,2.00709,2.12393,0.8545636284667191,0.655149962596,-1.6199250180704006e-05,0.0004669560849465888,100,0.0006,0.9,0,0,0,0
159,GBPCAD,GBPSGD,2015.12.01,15:45,-0.05202738135029694,0.00455485294270408,-0.051744722470570825,-0.05230996035655722,2.01537,2.123,0.848479417947973,1.0,-2.0375807341218578e-05,0.00046335225807949115,100,0.0006,0.9,0,0,0,0
160,GBPCAD,GBPSGD,2015.12.01,16:00,-0.05266905204281269,-0.00064167069251575,-0.05238656749519288,-0.05295145681544744,2.01532,2.12431,0.8218530635405235,0.152699550852,2.569747387358601e-05,0.0006511392441587069,100,0.0006,0.9,0,0,0,0
161,GBPCAD,GBPSGD,2015.12.01,16:15,-0.0530993818529204,-0.0004303298101077102,-0.052816853409844655,-0.05338183049622014,2.01414,2.12398,0.8039067954454809,0.240385581547,2.7378774533054485e-05,0.0006491742191115959,100,0.0006,0.9,0,0,0,0
162,GBPCAD,GBPSGD,2015.12.01,16:30,-0.0530298756941503,6.950615877010513e-05,-0.05274734725107455,-0.053312324337450034,2.01428,2.12398,0.7908970612236617,0.534645590428,1.3515014009102267e-05,0.000643923759574864,100,0.0006,0.9,0,0,0,0
163,GBPCAD,GBPSGD,2015.12.01,16:45,-0.05410306589456071,-0.0010731902004104121,-0.05382046026882792,-0.05438559167691748,2.01157,2.1234,0.7792146891862698,0.0450089456298,1.7189244598876385e-05,0.0006431766034585732,100,0.0006,0.9,0,0,0,0
164,GBPCAD,GBPSGD,2015.12.01,17:00,-0.052843979207462866,0.0012590866870978434,-0.052561177774602785,-0.053126700686283,2.01271,2.12193,0.775100575515053,0.972973060471,3.580302724620621e-06,0.0006517355769095649,100,0.0006,0.9,0,0,0,0
165,GBPCAD,GBPSGD,2015.12.01,17:15,-0.05312061942930546,-0.0002766402218425945,-0.052837877966213975,-0.053403280972258105,2.01258,2.12238,0.7594749775196751,0.330855247952,1.3572063831500669e-05,0.0006632623268052125,100,0.0006,0.9,0,0,0,0
166,GBPCAD,GBPSGD,2015.12.01,17:30,-0.053048310098208984,7.230933109647619e-05,-0.052765531323584636,-0.05333100893160325,2.01246,2.1221,0.742337808311387,0.534275166963,1.534293610020776e-05,0.0006622376762085486,100,0.0006,0.9,0,0,0,0
167,GBPCAD,GBPSGD,2015.12.01,17:45,-0.052440382474120195,0.0006079276240887888,-0.052157457023088716,-0.05272322790098105,2.01264,2.121,0.7207712096194983,0.813205054638,1.96053848367872e-05,0.0006612077789515088,100,0.0006,0.9,0,0,0,0
168,GBPCAD,GBPSGD,2015.12.01,18:00,-0.050845615290746826,0.001594767183373369,-0.050562453504369276,-0.05112869691922417,2.01417,2.11923,0.7002977445081948,0.991251803246,3.528235551275349e-05,0.0006563193069087624,100,0.0006,0.9,0,0,0,0
169,GBPCAD,GBPSGD,2015.12.01,18:15,-0.05198741161692266,-0.0011417963261758368,-0.05170435936830564,-0.05227038376963489,2.01265,2.12005,0.6534340053609695,0.0375708746305,3.8527584112224564e-05,0.000663253055480114,100,0.0006,0.9,0,0,0,0
170,GBPCAD,GBPSGD,2015.12.01,18:30,-0.051451432734604396,0.0005359788823182665,-0.05116840451951943,-0.05173438086738391,2.0139,2.12023,0.6248333861122406,0.773599048176,3.139792040806277e-05,0.0006721006958995417,100,0.0006,0.9,0,0,0,0
171,GBPCAD,GBPSGD,2015.12.01,18:45,-0.051217529048914745,0.00023390368568965147,-0.050934289733404414,-0.05150068816263087,2.01287,2.11865,0.5888930942551542,0.613178898287,4.0404516376520985e-05,0.0006727737472388909,100,0.0006,0.9,0,0,0,0
172,GBPCAD,GBPSGD,2015.12.01,19:00,-0.0510790296963477,0.00013849935256704526,-0.050795921353613216,-0.05136205791143267,2.01408,2.11963,0.5531327099417589,0.55417847969,4.70430994534754e-05,0.0006713594237756897,100,0.0006,0.9,0,0,0,0
173,GBPCAD,GBPSGD,2015.12.01,19:15,-0.05089048973999788,0.00018853995634982024,-0.05060746152491291,-0.051173437872777394,2.01503,2.12023,0.5006180061057302,0.581290204426,5.090361218107353e-05,0.0006707579895813287,100,0.0006,0.9,0,0,0,0
174,GBPCAD,GBPSGD,2015.12.01,19:30,-0.05142356984588581,-0.0005330801058879286,-0.05114066440514187,-0.05170639527377685,2.01483,2.12115,0.4677300799541841,0.182884566904,6.405919459867904e-05,0.0006602406097203543,100,0.0006,0.9,0,0,0,0
175,GBPCAD,GBPSGD,2015.12.01,19:45,-0.0505491338905687,0.0008744359553171099,-0.05026601886848214,-0.05083216878122543,2.0151,2.11958,0.4307507402265954,0.89896165093,4.5248413438385704e-05,0.0006500080848215842,100,0.0006,0.9,0,0,0,0
176,GBPCAD,GBPSGD,2015.12.01,20:00,-0.050768493827628935,-0.00021935993706023726,-0.05048550832874721,-0.05105139926837288,2.01558,2.12055,0.36651164988686025,0.338034819734,5.440640504671079e-05,0.0006552060671227232,100,0.0006,0.9,0,0,0,0
177,GBPCAD,GBPSGD,2015.12.01,20:15,-0.050796495405473374,-2.8001577844438685e-05,-0.05051349255468918,-0.05107941818830286,2.0154,2.12042,0.30370673215726707,0.453523245702,4.847591789697847e-05,0.0006549708433460674,100,0.0006,0.9,0,0,0,0
178,GBPCAD,GBPSGD,2015.12.01,20:30,-0.05063387371604877,0.00016262168942460242,-0.05035091891147481,-0.05091674847984884,2.01607,2.12078,0.24439107363331083,0.570005127186,4.709074526918377e-05,0.0006549847847878286,100,0.0006,0.9,0,0,0,0
179,GBPCAD,GBPSGD,2015.12.01,20:45,-0.05047500739014332,0.00015886632590544902,-0.05019199919988415,-0.050757935509426866,2.01601,2.12038,0.19317147499146756,0.56526699116,5.133451841481396e-05,0.0006543379885255962,100,0.0006,0.9,0,0,0,0
180,GBPCAD,GBPSGD,2015.12.01,21:00,-0.05063123761011612,-0.00015623021997279718,-0.05034821607028783,-0.05091417907141571,2.0156,2.12028,0.13864163360186166,0.378384991772,4.5210685098867606e-05,0.000650386033528111,100,0.0006,0.9,0,0,0,0
181,GBPCAD,GBPSGD,2015.12.01,21:15,-0.04966379068809035,0.000967446922025772,-0.049380689024392854,-0.049946812227918636,2.01698,2.11968,0.07477403580013343,0.922784371958,4.12503671146891e-05,0.0006503949202688725,100,0.0006,0.9,0,0,0,0
182,GBPCAD,GBPSGD,2015.12.01,21:30,-0.05043256175866051,-0.0007687710705701623,-0.050149460094963016,-0.0507155832984888,2.01543,2.11968,0.007817186366845941,0.105737057325,5.189942868117803e-05,0.0006567874149277022,100,0.0006,0.9,0,0,0,0
183,GBPCAD,GBPSGD,2015.12.01,21:45,-0.04979483066503121,0.0006377310936293012,-0.04951166219677949,-0.05007791897160019,2.01624,2.11918,-0.04147151570970376,0.814330630816,4.654790346097948e-05,0.000661302027630973,100,0.0006,0.9,0,0,0,0
184,GBPCAD,GBPSGD,2015.12.01,22:00,-0.049236532208111305,0.0005582984569199034,-0.048953296903769705,-0.049519687312929994,2.01689,2.11868,-0.09328539425363416,0.776908414682,5.251428865542751e-05,0.0006639385455286102,100,0.0006,0.9,0,0,0,0
185,GBPCAD,GBPSGD,2015.12.01,22:15,-0.049350942022640565,-0.00011440981452925936,-0.0490677601896945,-0.04963404368633806,2.01704,2.11908,-0.13838380267273434,0.395809902857,6.123672490860654e-05,0.000664804534449295,100,0.0006,0.9,0,0,0,0
186,GBPCAD,GBPSGD,2015.12.01,22:30,-0.049226810871367044,0.00012413115127352103,-0.04894360230524708,-0.04950993925310332,2.0171,2.11888,-0.1735009026661591,0.537578903529,6.142098487656899e-05,0.0006647527526675745,100,0.0006,0.9,0,0,0,0
187,GBPCAD,GBPSGD,2015.12.01,22:45,-0.049712774949342786,-0.00048596407797574237,-0.04942956638322282,-0.04999590333107906,2.01612,2.11888,-0.2069836761693561,0.206395592373,5.667186689967241e-05,0.0006625659164636929,100,0.0006,0.9,0,0,0,0
188,GBPCAD,GBPSGD,2015.12.01,23:00,-0.05007492213884668,-0.0003621471895038919,-0.049791713572726715,-0.05035805052058295,2.01539,2.11888,-0.232798659459705,0.268147677548,4.863508488939239e-05,0.0006642396541390332,100,0.0006,0.9,0,0,0,0
189,GBPCAD,GBPSGD,2015.12.01,23:15,-0.04981652297449879,0.0002583991643478889,-0.0495332341785647,-0.05009973154061875,2.01534,2.11828,-0.25192436209749663,0.626771051602,4.3272826104548966e-05,0.0006653801836617471,100,0.0006,0.9,0,0,0,0
190,GBPCAD,GBPSGD,2015.12.01,23:30,-0.05003729451445882,-0.00022077153996002963,-0.049753992342469355,-0.05032051644905844,2.0148,2.11818,-0.27111636884767426,0.345401274724,4.3969918417577915e-05,0.0006655705587955759,100,0.0006,0.9,0,0,0,0
191,GBPCAD,GBPSGD,2015.12.01,23:45,-0.05004249385375581,-5.199339296990679e-06,-0.049759245178410016,-0.050325662322007525,2.01517,2.11858,-0.28409500831246726,0.473515918389,3.9025054732813035e-05,0.0006656833115261031,100,0.0006,0.9,0,0,0,0
192,GBPCAD,GBPSGD,2015.12.02,00:00,-0.05086567652149865,-0.0008231826677428389,-0.05058264830641368,-0.05114862465427816,2.01508,2.12023,-0.3004160582003411,0.0977345848847,3.860886396381824e-05,0.0006656979669813402,100,0.0006,0.9,0,0,0,0
193,GBPCAD,GBPSGD,2015.12.02,00:15,-0.050680447326349576,0.00018522919514907255,-0.05039723876022961,-0.05096357570808585,2.01417,2.11888,-0.31079465416780283,0.587231422945,3.844272112147107e-05,0.000665913072899587,100,0.0006,0.9,0,0,0,0
194,GBPCAD,GBPSGD,2015.12.02,00:30,-0.0512987562216195,-0.0006183088952699256,-0.051015694625526575,-0.051581737716518195,2.01397,2.11998,-0.3193139136077029,0.162085503152,3.8162535225714224e-05,0.0006658446709201306,100,0.0006,0.9,0,0,0,0
195,GBPCAD,GBPSGD,2015.12.02,00:45,-0.05124164939521625,5.71068264032526e-05,-0.050958547731518755,-0.051524670935044536,2.0138,2.11968,-0.3239577147107217,0.514423977685,3.2915164097540026e-05,0.0006689537343524758,100,0.0006,0.9,0,0,0,0
196,GBPCAD,GBPSGD,2015.12.02,01:00,-0.05111701884110542,0.00012463055411082724,-0.05083391984893448,-0.051400037710919055,2.01407,2.1197,-0.3283821425731223,0.555029303801,3.2073556893157385e-05,0.0006688689755518196,100,0.0006,0.9,0,0,0,0
197,GBPCAD,GBPSGD,2015.12.02,01:15,-0.05099333679652329,0.0001236820445821296,-0.0507101816917046,-0.05127641174722419,2.01392,2.11928,-0.33355904069354264,0.554258158176,3.2424803160853166e-05,0.0006689086613243822,100,0.0006,0.9,0,0,0,0
198,GBPCAD,GBPSGD,2015.12.02,01:30,-0.05089899787643537,9.433892008792188e-05,-0.05061584277161668,-0.05118207282713627,2.01411,2.11928,-0.3401575788203139,0.541254724885,2.552001085829647e-05,0.0006643055862439029,100,0.0006,0.9,0,0,0,0
199,GBPCAD,GBPSGD,2015.12.02,01:45,-0.05095108300833984,-5.208513190446684e-05,-0.05066788780943776,-0.05123419803042639,2.01372,2.11898,-0.3442349951188897,0.445705716281,3.7307430150981255e-05,0.0006548020125326797,100,0.0006,0.9,0,0,0,0
200,GBPCAD,GBPSGD,2015.12.02,02:00,-0.05086920848741361,8.187452092622838e-05,-0.05058605338259492,-0.05115228343811451,2.01417,2.11928,-0.34711068970581666,0.521844657548,4.642844727215767e-05,0.0006470171093524466,100,0.0006,0.9,0,0,0,0
201,GBPCAD,GBPSGD,2015.12.02,02:15,-0.05052633252220107,0.00034287596521254127,-0.05024304372626698,-0.05080954108832103,2.01391,2.11828,-0.3510835050787739,0.675696213599,4.8089143918714775e-05,0.0006468915646878169,100,0.0006,0.9,0,0,0,0
202,GBPCAD,GBPSGD,2015.12.02,02:30,-0.0503233170333105,0.00020301548889056775,-0.050039970711375226,-0.05060658309284927,2.01391,2.11785,-0.35387334290955696,0.594145469184,4.884007612897978e-05,0.0006471926832193427,100,0.0006,0.9,0,0,0,0
203,GBPCAD,GBPSGD,2015.12.02,02:45,-0.05060591287667482,-0.0002825958433643194,-0.05032267757233322,-0.05088906798149351,2.01413,2.11868,-0.3589159953364401,0.304214011132,4.899068147776298e-05,0.0006472271344440674,100,0.0006,0.9,0,0,0,0
204,GBPCAD,GBPSGD,2015.12.02,03:00,-0.050799025045409785,-0.00019311216873496573,-0.05051576567235161,-0.05108220420531606,2.01357,2.1185,-0.36852258863833337,0.358664388547,4.083360147628557e-05,0.0006462034862435375,100,0.0006,0.9,0,0,0,0
205,GBPCAD,GBPSGD,2015.12.02,03:15,-0.05036745025858902,0.00043157478682076533,-0.05008416146265493,-0.05065065882470898,2.01423,2.11828,-0.3742995562104078,0.727024445637,4.1557077402667455e-05,0.0006458975297535293,100,0.0006,0.9,0,0,0,0
206,GBPCAD,GBPSGD,2015.12.02,03:30,-0.05079469185480845,-0.0004272415962194298,-0.05051151002186238,-0.05107779351850594,2.01413,2.11908,-0.3809654865499846,0.230518900869,4.8997234088784535e-05,0.0006460637766046409,100,0.0006,0.9,0,0,0,0
207,GBPCAD,GBPSGD,2015.12.02,03:45,-0.050654337120196735,0.000140354734611714,-0.050371108500884,-0.050937485543771976,2.01408,2.11873,-0.38656350791670285,0.558426894625,4.514594397319716e-05,0.0006477580693273416,100,0.0006,0.9,0,0,0,0
208,GBPCAD,GBPSGD,2015.12.02,04:00,-0.05078672889071345,-0.00013239177051671547,-0.05050353636510352,-0.05106984124102132,2.01407,2.119,-0.3861415912327529,0.389751300149,4.88149588545772e-05,0.0006472425017134962,100,0.0006,0.9,0,0,0,0
209,GBPCAD,GBPSGD,2015.12.02,04:15,-0.05085176926621571,-6.504037550225661e-05,-0.05056857406731363,-0.05113488428830226,2.01392,2.11898,-0.3858301853865068,0.432438511239,4.5093770500720386e-05,0.000647203514029805,100,0.0006,0.9,0,0,0,0
210,GBPCAD,GBPSGD,2015.12.02,04:30,-0.050955587414665104,-0.00010381814844939719,-0.050672421619200936,-0.05123867304995966,2.01392,2.1192,-0.3894978464430797,0.412833494428,3.816380215412085e-05,0.0006446043703945144,100,0.0006,0.9,0,0,0,0
211,GBPCAD,GBPSGD,2015.12.02,04:45,-0.051026119325213504,-7.053191054839925e-05,-0.05074297491023305,-0.051309183592127106,2.01393,2.11936,-0.38645700553415446,0.429237537854,4.374772428221485e-05,0.0006408838714022239,100,0.0006,0.9,0,0,0,0
212,GBPCAD,GBPSGD,2015.12.02,05:00,-0.05057993151694784,0.0004461878082656634,-0.05029672963459453,-0.05086305321870166,2.01442,2.11893,-0.38368093931510916,0.735791689974,4.210740890646547e-05,0.0006409651580169986,100,0.0006,0.9,0,0,0,0
213,GBPCAD,GBPSGD,2015.12.02,05:15,-0.050441919989754336,0.0001380115271935045,-0.05015871276041306,-0.050725047035468984,2.01466,2.11889,-0.38165815206907583,0.555163376639,4.901493741058638e-05,0.0006415663087621785,100,0.0006,0.9,0,0,0,0
214,GBPCAD,GBPSGD,2015.12.02,05:30,-0.050650289771264734,-0.00020836978151039798,-0.05036713733898135,-0.05093336205094323,2.01463,2.1193,-0.3813784789021725,0.344750682645,4.7847747694066415e-05,0.000641294388606238,100,0.0006,0.9,0,0,0,0
215,GBPCAD,GBPSGD,2015.12.02,05:45,-0.05045070572873389,0.0001995840425308426,-0.05016753191475587,-0.05073379937800304,2.01488,2.11914,-0.3817029303091313,0.59725301328,4.1786898560559614e-05,0.000640818271403461,100,0.0006,0.9,0,0,0,0
216,GBPCAD,GBPSGD,2015.12.02,06:00,-0.05053410318511187,-8.339745637797602e-05,-0.05025093471686015,-0.050817191491680846,2.01475,2.11918,-0.38236404503853766,0.420115743705,4.573746532015699e-05,0.00064055850626456,100,0.0006,0.9,0,0,0,0
217,GBPCAD,GBPSGD,2015.12.02,06:15,-0.0506235114759358,-8.940829082393353e-05,-0.050340369733288814,-0.05090657307202873,2.01476,2.11938,-0.38115212076812877,0.415424489548,4.731248183492687e-05,0.0006400400242382162,100,0.0006,0.9,0,0,0,0
218,GBPCAD,GBPSGD,2015.12.02,06:30,-0.05087872384069758,-0.000255212364761781,-0.050595624848526644,-0.051161742710511215,2.01455,2.1197,-0.3799650506286175,0.319169069048,4.5687445226619825e-05,0.0006401801811391717,100,0.0006,0.9,0,0,0,0
219,GBPCAD,GBPSGD,2015.12.02,06:45,-0.05088418027276953,-5.456432071948569e-06,-0.05060107860907204,-0.05116720181259782,2.01452,2.11968,-0.3789198991542204,0.471598199454,4.017220255112086e-05,0.0006403749064065219,100,0.0006,0.9,0,0,0,0
220,GBPCAD,GBPSGD,2015.12.02,07:00,-0.0513156350705557,-0.00043145479778616824,-0.051032616200742065,-0.05159857386335154,2.01424,2.1203,-0.37787652981953346,0.231689098077,3.796016216308651e-05,0.0006401443018525741,100,0.0006,0.9,0,0,0,0
221,GBPCAD,GBPSGD,2015.12.02,07:15,-0.05143229152344053,-0.0001166564528848335,-0.051149312697800875,-0.051715190294717606,2.01429,2.1206,-0.3762331279382123,0.40847018307,3.188589649743889e-05,0.000641701506515512,100,0.0006,0.9,0,0,0,0
222,GBPCAD,GBPSGD,2015.12.02,07:30,-0.05140796671151071,2.4324811929821166e-05,-0.05112498521661202,-0.051690868150536806,2.01432,2.12058,-0.37531687798850577,0.497782650485,2.78895897791287e-05,0.0006413663127042656,100,0.0006,0.9,0,0,0,0
223,GBPCAD,GBPSGD,2015.12.02,07:45,-0.0516685460488191,-0.00026057933730838645,-0.051385631270293386,-0.0519513808092108,2.01427,2.12108,-0.3750071011584251,0.326330557675,2.8077637153594014e-05,0.0006413624445005766,100,0.0006,0.9,0,0,0,0
224,GBPCAD,GBPSGD,2015.12.02,08:00,-0.051693369245601306,-2.482319678220879e-05,-0.051410454467075595,-0.05197620400599301,2.01422,2.12108,-0.3773003480151314,0.470870833711,2.2036799088294145e-05,0.0006412063467050096,100,0.0006,0.9,0,0,0,0
225,GBPCAD,GBPSGD,2015.12.02,08:15,-0.051358323398703054,0.000335045846898252,-0.05107534190380436,-0.05164122483772915,2.01442,2.12058,-0.378146014007772,0.687315489362,2.1971256348340962e-05,0.0006412108432515716,100,0.0006,0.9,0,0,0,0
226,GBPCAD,GBPSGD,2015.12.02,08:30,-0.05150726073111345,-0.00014893733241039264,-0.051224279236214754,-0.05179016217013954,2.01412,2.12058,-0.3785348625016293,0.392394008274,2.63412168372712e-05,0.0006418465526740637,100,0.0006,0.9,0,0,0,0
227,GBPCAD,GBPSGD,2015.12.02,08:45,-0.051710726165729026,-0.00020346543461557953,-0.05142782472670293,-0.05199354759416541,2.01428,2.12118,-0.38207541624545516,0.360891461039,2.5157930576332754e-05,0.0006420616413673638,100,0.0006,0.9,0,0,0,0
228,GBPCAD,GBPSGD,2015.12.02,09:00,-0.051559356393480416,0.0001513697722486107,-0.051276414932180825,-0.05184221782155363,2.0143,2.12088,-0.38958009705021496,0.577561321298,2.5796115934411114e-05,0.0006417996920734835,100,0.0006,0.9,0,0,0,0
229,GBPCAD,GBPSGD,2015.12.02,09:15,-0.051445207977804275,0.00011414841567614076,-0.051162213135854895,-0.051728122756329986,2.01415,2.12048,-0.41499382653763933,0.550035909051,3.389657023646353e-05,0.0006381751368790814,100,0.0006,0.9,0,0,0,0
230,GBPCAD,GBPSGD,2015.12.02,09:30,-0.051730460890688,-0.00028525291288372667,-0.051447639462251615,-0.052013202353779486,2.01481,2.12178,-0.4326880469983925,0.310394831156,2.938004623880719e-05,0.0006359671022672948,100,0.0006,0.9,0,0,0,0
231,GBPCAD,GBPSGD,2015.12.02,09:45,-0.05196621119953693,-0.00023575030884892545,-0.051683403101798975,-0.05224893933946695,2.01443,2.12188,-0.4451080034586771,0.335331517239,3.331798590451074e-05,0.0006327472233295808,100,0.0006,0.9,0,0,0,0
232,GBPCAD,GBPSGD,2015.12.02,10:00,-0.05202772741843886,-6.151621890193582e-05,-0.051744935315880314,-0.05231043957223247,2.01442,2.122,-0.4703914477880772,0.440428761735,3.332114884221915e-05,0.0006327458639337768,100,0.0006,0.9,0,0,0,0
233,GBPCAD,GBPSGD,2015.12.02,10:15,-0.05132854524331831,0.0006991821751205496,-0.05104551035266158,-0.05161150004789228,2.0141,2.12018,-0.4838481939072476,0.853751820708,3.308197805273361e-05,0.0006327774611842522,100,0.0006,0.9,0,0,0,0
234,GBPCAD,GBPSGD,2015.12.02,10:30,-0.051869658844550304,-0.0005411136012319906,-0.05158673072526676,-0.05215250693815421,2.01377,2.12098,-0.49983303604413704,0.180158471307,4.082810514270952e-05,0.0006361678077465734,100,0.0006,0.9,0,0,0,0
235,GBPCAD,GBPSGD,2015.12.02,10:45,-0.052392807358551674,-0.0005231485140013703,-0.052110105861178035,-0.05267542895837529,2.01433,2.12268,-0.5171848836862873,0.191827654937,3.3119252186950555e-05,0.0006385214321329939,100,0.0006,0.9,0,0,0,0
236,GBPCAD,GBPSGD,2015.12.02,11:00,-0.052159588029914494,0.00023321932863717976,-0.05187685988998447,-0.05244223625723643,2.01461,2.12248,-0.5372488500767743,0.624105211283,3.075059941824998e-05,0.0006401554982808991,100,0.0006,0.9,0,0,0,0
237,GBPCAD,GBPSGD,2015.12.02,11:15,-0.05196118405477923,0.00019840397513526398,-0.051678402614668384,-0.05224388555215287,2.01463,2.12208,-0.564356747449687,0.606093872841,2.6784258789143143e-05,0.0006376297917463172,100,0.0006,0.9,0,0,0,0
238,GBPCAD,GBPSGD,2015.12.02,11:30,-0.05053249215147937,0.0014286919032998613,-0.05024927823811909,-0.050815625877428716,2.01443,2.11884,-0.5903775615207537,0.985872203985,2.9638566442410365e-05,0.0006377540218474207,100,0.0006,0.9,0,0,0,0
239,GBPCAD,GBPSGD,2015.12.02,11:45,-0.05278937429183583,-0.0022568821403564643,-0.05250623522147191,-0.05307243321715838,2.01042,2.1194,-0.6109360335622934,0.000201223055328,4.795218891612163e-05,0.0006513638327148193,100,0.0006,0.9,0,0,0,0
240,GBPCAD,GBPSGD,2015.12.02,12:00,-0.053263932746858256,-0.00047455845502242244,-0.05298091254204362,-0.05354687287389959,2.01031,2.12029,-0.6248751144361483,0.229557480205,3.3295260770507264e-05,0.0006860060787178047,100,0.0006,0.9,0,0,0,0
241,GBPCAD,GBPSGD,2015.12.02,12:15,-0.05300763828862842,0.0002562944582298332,-0.05272468348405446,-0.05329051305242849,2.01129,2.12078,-0.6643754115670131,0.629529922002,2.8883573411030427e-05,0.0006878553397608358,100,0.0006,0.9,0,0,0,0
242,GBPCAD,GBPSGD,2015.12.02,12:30,-0.05283451871239775,0.00017311957623067364,-0.05255176658987304,-0.05311719090875844,2.01308,2.1223,-0.6592285441495108,0.579465529259,3.5379015871541685e-05,0.0006868950189142018,100,0.0006,0.9,0,0,0,0
243,GBPCAD,GBPSGD,2015.12.02,12:45,-0.052730748628468826,0.0001037700839289224,-0.05244788986738991,-0.053013527403093175,2.01253,2.1215,-0.6519682711679503,0.542967860955,2.9995567782051813e-05,0.0006836446801271365,100,0.0006,0.9,0,0,0,0
244,GBPCAD,GBPSGD,2015.12.02,13:00,-0.05260995027229742,0.00012079835617140322,-0.05232689134697488,-0.05289292909793708,2.01135,2.12,-0.6411373741963518,0.552173572449,3.1131465641637265e-05,0.0006836722235422344,100,0.0006,0.9,0,0,0,0
245,GBPCAD,GBPSGD,2015.12.02,13:15,-0.05297007387408825,-0.00036012360179082936,-0.05268708170164971,-0.05325298598461348,2.0111,2.1205,-0.6195054685647773,0.280758636532,3.611577224615803e-05,0.0006824778918645082,100,0.0006,0.9,0,0,0,0
246,GBPCAD,GBPSGD,2015.12.02,13:30,-0.05267051373093723,0.0002995601431510231,-0.05238737198829024,-0.052953575327030156,2.01064,2.11938,-0.5997851304443537,0.649930970773,3.691308735820242e-05,0.0006819625941510328,100,0.0006,0.9,0,0,0,0
247,GBPCAD,GBPSGD,2015.12.02,13:45,-0.05287188787870556,-0.00020137414776832951,-0.052588759496969284,-0.0531549361214505,2.01033,2.11948,-0.5794572558289037,0.363710574233,3.622344681814105e-05,0.0006816586647649664,100,0.0006,0.9,0,0,0,0
248,GBPCAD,GBPSGD,2015.12.02,14:00,-0.05280026109860947,7.162678009609014e-05,-0.05251703916400985,-0.053083402841256455,2.00981,2.11878,-0.560090742192002,0.521887120941,3.418793236992346e-05,0.0006820651508796176,100,0.0006,0.9,0,0,0,0
249,GBPCAD,GBPSGD,2015.12.02,14:15,-0.052230432853082154,0.0005698282455273151,-0.05194714673220757,-0.05251363874565762,2.0105,2.1183,-0.5349748126406262,0.785951575332,3.0361059853295513e-05,0.0006807564521482409,100,0.0006,0.9,0,0,0,0
250,GBPCAD,GBPSGD,2015.12.02,14:30,-0.05210690581264732,0.0001235270404348343,-0.05182350997289087,-0.05239022136195526,2.00997,2.11748,-0.5014353641144844,0.550513248412,3.6840759603194994e-05,0.0006827940126344017,100,0.0006,0.9,0,0,0,0
251,GBPCAD,GBPSGD,2015.12.02,14:45,-0.05226395789057292,-0.00015705207792560127,-0.05198046832109049,-0.052547367116495436,2.00899,2.11678,-0.4325680862112294,0.385593799514,4.125969545993424e-05,0.0006819012953819152,100,0.0006,0.9,0,0,0,0
252,GBPCAD,GBPSGD,2015.12.02,15:00,-0.052234092583107294,2.9865307465626323e-05,-0.05195060301362486,-0.05251750180902981,2.00905,2.11678,-0.3451969094866674,0.497562590513,3.402055871918996e-05,0.0006801052947228123,100,0.0006,0.9,0,0,0,0
253,GBPCAD,GBPSGD,2015.12.02,15:15,-0.05142687021385772,0.0008072223692495717,-0.05114328015084346,-0.0517103798763483,2.00996,2.11603,-0.2514461475464949,0.871361273287,3.851572794527747e-05,0.0006785602416199801,100,0.0006,0.9,0,0,0,0
254,GBPCAD,GBPSGD,2015.12.02,15:30,-0.0522528796140459,-0.0008260094001881768,-0.0519695011744149,-0.05253617777308606,2.0098,2.11761,-0.16666644685696003,0.101435133655,4.1935396958845403e-05,0.0006815874950715108,100,0.0006,0.9,0,0,0,0
255,GBPCAD,GBPSGD,2015.12.02,15:45,-0.052419777678431756,-0.00016689806438585642,-0.052136411283789874,-0.05270306379930634,2.00955,2.1177,-0.09897919645634093,0.385873598938,3.240160896251565e-05,0.0006870264556174238,100,0.0006,0.9,0,0,0,0
256,GBPCAD,GBPSGD,2015.12.02,16:00,-0.05197724896481137,0.0004425287136203826,-0.051693775467684944,-0.05226064212748638,2.00968,2.1169,-0.024595129755891013,0.724848756554,3.211681297955238e-05,0.000687103880167532,100,0.0006,0.9,0,0,0,0
257,GBPCAD,GBPSGD,2015.12.02,16:15,-0.05187069362542096,0.00010655533939041284,-0.05158725762337235,-0.05215404931426548,2.01016,2.11718,0.07269200219952401,0.537399826679,4.2182620281708826e-05,0.0006856534970167101,100,0.0006,0.9,0,0,0,0
258,GBPCAD,GBPSGD,2015.12.02,16:30,-0.051201760204941826,0.0006689334204791342,-0.05091815003467093,-0.05148528996328905,2.01027,2.11588,0.18933598678019356,0.818041381548,4.881779294123922e-05,0.000683002271514355,100,0.0006,0.9,0,0,0,0
259,GBPCAD,GBPSGD,2015.12.02,16:45,-0.05052395537113208,0.0006778048338097475,-0.050239972029579416,-0.050807858089041535,2.00899,2.1131,0.3252632983838116,0.818589225412,5.380474088059195e-05,0.0006857130152879367,100,0.0006,0.9,0,0,0,0
260,GBPCAD,GBPSGD,2015.12.02,17:00,-0.05214991493624166,-0.0016259595651095804,-0.05186586840751084,-0.05243388080545264,2.00528,2.11263,0.37364976734836125,0.000762205065493,1.503425979164863e-05,0.000517664313197273,100,0.0006,0.9,0,0,0,0
261,GBPCAD,GBPSGD,2015.12.02,17:15,-0.054495456385259766,-0.002345541449018107,-0.05421138968448869,-0.054779442415055724,2.00044,2.11248,0.4601453784380135,6.50994364158e-06,5.191371065710326e-06,0.0005391872753100773,100,0.0006,0.9,0,0,0,0
262,GBPCAD,GBPSGD,2015.12.02,17:30,-0.05567377972241816,-0.0011783233371583934,-0.05538957442955006,-0.05595790426558678,1.99711,2.11145,0.562968151089502,0.0236006776479,-1.3960745323393642e-05,0.0005867316992512921,100,0.0006,0.9,0,0,0,0
263,GBPCAD,GBPSGD,2015.12.02,17:45,-0.0552924589993854,0.0003813207230327631,-0.055008082634832145,-0.05557675451701216,1.99667,2.11018,0.6546721055680218,0.752305019905,-2.6439040282678627e-05,0.00059809763518691,100,0.0006,0.9,0,0,0,0
264,GBPCAD,GBPSGD,2015.12.02,18:00,-0.05579427346300503,-0.000501814463619632,-0.05550984317495067,-0.056078622873474204,1.99529,2.10978,0.7434139592156238,0.203170146902,-1.1893931048246876e-05,0.000590016104501038,100,0.0006,0.9,0,0,0,0
265,GBPCAD,GBPSGD,2015.12.02,18:15,-0.056240893599613484,-0.00044662013660845545,-0.05595643634213898,-0.056525269964166625,1.99421,2.10958,0.7945235402978756,0.235196236514,-2.9502942555421628e-05,0.0005778522059603708,100,0.0006,0.9,0,0,0,0
266,GBPCAD,GBPSGD,2015.12.02,18:30,-0.055577708369176304,0.0006631852304371799,-0.05529318366577074,-0.055862152141301524,1.99506,2.10908,0.8338310469027427,0.884858233956,-3.120274170308024e-05,0.000578835691419434,100,0.0006,0.9,0,0,0,0
267,GBPCAD,GBPSGD,2015.12.02,18:45,-0.0555083385989813,6.936977019500468e-05,-0.05522375991579842,-0.05579283632017684,1.99482,2.10868,0.8630794492816377,0.564504601191,-2.5293982709673202e-05,0.0005829045486581861,100,0.0006,0.9,0,0,0,0
268,GBPCAD,GBPSGD,2015.12.02,19:00,-0.055476031154107375,3.230744487392467e-05,-0.055191263380301,-0.05576071785831416,1.99356,2.10728,0.8825990653669724,0.543278623752,-3.0679561248611045e-05,0.0005794728076778903,100,0.0006,0.9,0,0,0,0
269,GBPCAD,GBPSGD,2015.12.02,19:15,-0.054983992305621565,0.0004920388484858096,-0.054699075784234386,-0.055268827672706244,1.9935,2.10618,0.8979964126315968,0.833632872752,-4.630415863360549e-05,0.0005557828420842138,100,0.0006,0.9,0,0,0,0
270,GBPCAD,GBPSGD,2015.12.02,19:30,-0.05470881887025414,0.0002751734353674262,-0.05442394969449582,-0.054993606918675275,1.99438,2.10653,0.910289215797141,0.711453316478,-2.9965806886989023e-05,0.0005472020486105417,100,0.0006,0.9,0,0,0,0
271,GBPCAD,GBPSGD,2015.12.02,19:45,-0.054861036411062214,-0.00015221754080807504,-0.05457628485486932,-0.055145706906887915,1.9949,2.1074,0.9185634271541989,0.413133609948,-3.257386135649743e-05,0.0005450948809028818,100,0.0006,0.9,0,0,0,0
272,GBPCAD,GBPSGD,2015.12.02,20:00,-0.05494108650752649,-8.005009646427919e-05,-0.05465638629492531,-0.05522570568898555,1.9951,2.10778,0.9250436849928887,0.46808168909,-3.643507362147469e-05,0.0005445554940175362,100,0.0006,0.9,0,0,0,0
273,GBPCAD,GBPSGD,2015.12.02,20:15,-0.05470319359369391,0.0002378929138325825,-0.05441847987141646,-0.05498782627713994,1.99548,2.10768,0.9301753388378742,0.694284147431,-3.862056811178793e-05,0.0005442848194022158,100,0.0006,0.9,0,0,0,0
274,GBPCAD,GBPSGD,2015.12.02,20:30,-0.054510429052465725,0.00019276454122818532,-0.0542257018192297,-0.054795075239179813,1.99577,2.10758,0.9342679670073558,0.66422856692,-3.8127038536960315e-05,0.0005445152041102712,100,0.0006,0.9,0,0,0,0
275,GBPCAD,GBPSGD,2015.12.02,20:45,-0.05531707819000686,-0.0008066491375411378,-0.05503237797740568,-0.05560169737146592,1.99435,2.10778,0.9378104067263362,0.0764272123804,-3.086859206579917e-05,0.0005426855016966863,100,0.0006,0.9,0,0,0,0
276,GBPCAD,GBPSGD,2015.12.02,21:00,-0.05485219142610076,0.00046488676390610273,-0.0545675857453477,-0.055136716129506325,1.99594,2.10848,0.9414124056779937,0.828564922351,-4.767944299438165e-05,0.0005403912395060922,100,0.0006,0.9,0,0,0,0
277,GBPCAD,GBPSGD,2015.12.02,21:15,-0.054694221930863374,0.00015796949523738668,-0.05440962974953567,-0.054978733142524217,1.99635,2.10858,0.9437991592671887,0.642984539089,-4.083697598471825e-05,0.0005425232338803005,100,0.0006,0.9,0,0,0,0
278,GBPCAD,GBPSGD,2015.12.02,21:30,-0.05378748915215947,0.0009067327787039003,-0.05350266730629738,-0.05407222989763627,1.99655,2.10688,0.9458359692067553,0.959246117951,-3.89772652539e-05,0.0005428862994958373,100,0.0006,0.9,0,0,0,0
279,GBPCAD,GBPSGD,2015.12.02,21:45,-0.05409358337380443,-0.00030609422164495914,-0.053808835871726246,-0.05437824981782313,1.99646,2.10743,0.9469776504509652,0.309050552709,-3.153615436110702e-05,0.000550720521794467,100,0.0006,0.9,0,0,0,0
280,GBPCAD,GBPSGD,2015.12.02,22:00,-0.05441493554017385,-0.0003213521663694152,-0.05413023532757266,-0.054699554721632904,1.99615,2.10778,0.9484968572107195,0.302407922081,-3.61857598366111e-05,0.0005510594329359615,100,0.0006,0.9,0,0,0,0
281,GBPCAD,GBPSGD,2015.12.02,22:15,-0.054459421550475895,-4.448601030204724e-05,-0.05417477536376181,-0.05474398673679448,1.99644,2.10818,0.9500826857318607,0.495191842559,-3.783697930057728e-05,0.0005516698243851425,100,0.0006,0.9,0,0,0,0
282,GBPCAD,GBPSGD,2015.12.02,22:30,-0.05587206360975461,-0.0014126420592787126,-0.055587471428426904,-0.05615657482141545,1.994,2.10858,0.9522252275385046,0.00592235477414,-4.795630862385547e-05,0.00054224401234362,100,0.0006,0.9,1,287,,0.0003656235832085207
283,GBPCAD,GBPSGD,2015.12.02,22:45,-0.05568527165947279,0.00018679195028181717,-0.05540076044781195,-0.05596970194752715,1.99494,2.10918,0.9534884858046819,0.668184812003,-5.439501851094097e-05,0.0005545721428584619,100,0.0006,0.9,0,0,0,0
284,GBPCAD,GBPSGD,2015.12.02,23:00,-0.05531350311840555,0.0003717685410672411,-0.0550288960876395,-0.05559802917105594,1.99501,2.10847,0.9550908624183048,0.782903298468,-5.890440994441581e-05,0.0005507073049749733,100,0.0006,0.9,0,0,0,0
285,GBPCAD,GBPSGD,2015.12.02,23:15,-0.05551916792727574,-0.00020566480887018734,-0.05523453524382971,-0.055803719618010006,1.99442,2.10828,0.9579351605400125,0.395901734926,-6.0769709102942435e-05,0.000548908622570568,100,0.0006,0.9,0,0,0,0
286,GBPCAD,GBPSGD,2015.12.02,23:30,-0.05548136465135001,3.780327592572963e-05,-0.05519674546989095,-0.05576590284778005,1.99459,2.10838,0.9603067605806102,0.571889864155,-6.168225904635172e-05,0.0005490745287270465,100,0.0006,0.9,0,0,0,0
287,GBPCAD,GBPSGD,2015.12.02,23:45,-0.05513890837273461,0.0003424562786153995,-0.054854221668527825,-0.055423514053487666,1.9948,2.10788,0.9628201760353465,0.769716503911,-6.254553779982963e-05,0.0005488472510615056,100,0.0006,0.9,0,0,0,0
288,GBPCAD,GBPSGD,2015.12.03,00:00,-0.05665582734772001,-0.001516918974985404,-0.05637154799396249,-0.05694002590969349,1.99463,2.1109,0.9647677797541825,0.00383853358096,-5.426133423391821e-05,0.0005486436683114127,100,0.0006,0.9,1,290,,0.0007867437334522676
289,GBPCAD,GBPSGD,2015.12.03,00:15,-0.05671844131232551,-6.261396460549573e-05,-0.056434125587277006,-0.05700267622491828,1.99425,2.11063,0.9641318194516793,0.502247923368,-6.580905208873333e-05,0.0005670338943644213,100,0.0006,0.9,0,0,0,0
290,GBPCAD,GBPSGD,2015.12.03,00:30,-0.05510407473857459,0.0016143665737509139,-0.054819462307628575,-0.05538860618833241,1.99539,2.10843,0.9642046408019636,0.998528925531,-6.901918337826719e-05,0.000566087806348413,100,0.0006,0.9,1,293,,0.0006652338552860801
291,GBPCAD,GBPSGD,2015.12.03,00:45,-0.05552784180704706,-0.00042376706847246925,-0.05524321587475456,-0.05581238675046929,1.99445,2.10833,0.9658814273669142,0.26369261595,-5.066780224115774e-05,0.0005903445882587491,100,0.0006,0.9,0,0,0,0
292,GBPCAD,GBPSGD,2015.12.03,01:00,-0.05571428694901559,-0.00018644514196852757,-0.055429731209740485,-0.05599876173935592,1.99457,2.10885,0.9673457891329268,0.411973826595,-5.485347953291253e-05,0.0005915016863254016,100,0.0006,0.9,0,0,0,0
293,GBPCAD,GBPSGD,2015.12.03,01:15,-0.05642085872498326,-0.0007065717759676682,-0.05613650257647218,-0.056705134038060656,1.99456,2.11033,0.9676625006511547,0.130941228422,-4.8486104275169414e-05,0.0005865537298754852,100,0.0006,0.9,0,0,0,0
294,GBPCAD,GBPSGD,2015.12.03,01:30,-0.056093203389438795,0.00032765533554446336,-0.05580880680596889,-0.056377519114487296,1.99493,2.11003,0.9673357825373541,0.743101257315,-5.740411398633682e-05,0.000589735288548978,100,0.0006,0.9,0,0,0,0
295,GBPCAD,GBPSGD,2015.12.03,01:45,-0.056098672684860684,-5.469295421889342e-06,-0.05581424913836219,-0.05638301535760715,1.99473,2.10983,0.9670642372078444,0.528781883523,-4.794447167819294e-05,0.0005882321697571313,100,0.0006,0.9,0,0,0,0
296,GBPCAD,GBPSGD,2015.12.03,02:00,-0.055821123518780325,0.00027754916608035973,-0.05553665951815179,-0.05610550662265301,1.995,2.10953,0.9669029316285389,0.710375133353,-4.8570232896444356e-05,0.0005881525662360945,100,0.0006,0.9,0,0,0,0
297,GBPCAD,GBPSGD,2015.12.03,02:15,-0.056315983270788905,-0.0004948597520085807,-0.05603157590272112,-0.056600309774303637,1.99441,2.10995,0.9669863095064624,0.223461726484,-4.704104677674903e-05,0.0005888058638455405,100,0.0006,0.9,0,0,0,0
298,GBPCAD,GBPSGD,2015.12.03,02:30,-0.056335081302941625,-1.90980321527201e-05,-0.05605072784968568,-0.05661935392229611,1.99475,2.11035,0.9667447112404012,0.52305445001,-5.322646474265613e-05,0.0005902414457504922,100,0.0006,0.9,0,0,0,0
299,GBPCAD,GBPSGD,2015.12.03,02:45,-0.05672104175386261,-0.00038596045092098574,-0.0564367866424631,-0.05700521608725484,1.99467,2.11108,0.9663763432064166,0.287067436206,-5.436083426506255e-05,0.0005900639581116045,100,0.0006,0.9,0,0,0,0
300,GBPCAD,GBPSGD,2015.12.03,03:00,-0.05670197719771786,1.906455614475444e-05,-0.05641764395724669,-0.05698622961577726,1.99416,2.1105,0.9654036980313858,0.551673157592,-5.7699587455227744e-05,0.0005909947989929042,100,0.0006,0.9,0,0,0,0
301,GBPCAD,GBPSGD,2015.12.03,03:15,-0.05705416770525351,-0.0003521905075356546,-0.05676980481838112,-0.05733844975286162,1.99325,2.11028,0.9647316737273224,0.309477403448,-5.832768710304248e-05,0.000590878328776259,100,0.0006,0.9,0,0,0,0
302,GBPCAD,GBPSGD,2015.12.03,03:30,-0.0563626947330752,0.0006914729721783086,-0.05607815653664516,-0.056647151990549705,1.9934,2.10898,0.964343922189529,0.900113234911,-6.527835183052444e-05,0.0005901989268729047,100,0.0006,0.9,0,0,0,0
303,GBPCAD,GBPSGD,2015.12.03,03:45,-0.056439659078063475,-7.696434498827287e-05,-0.05615513707310915,-0.05672410015327212,1.99336,2.1091,0.965341819313561,0.488880698329,-6.039377699764703e-05,0.0005944477755620933,100,0.0006,0.9,0,0,0,0
304,GBPCAD,GBPSGD,2015.12.03,04:00,-0.05631245827382114,0.00012720080424233338,-0.05602789578672196,-0.05659693980814695,1.99333,2.1088,0.96574759496316,0.622608870625,-5.833746201388657e-05,0.0005940268811002217,100,0.0006,0.9,0,0,0,0
305,GBPCAD,GBPSGD,2015.12.03,04:15,-0.05605307407806137,0.0002593841957597709,-0.055768454896602315,-0.05633761227449141,1.99345,2.10838,0.9662252587295735,0.701719737283,-5.513433228411357e-05,0.0005941563906133616,100,0.0006,0.9,0,0,0,0
306,GBPCAD,GBPSGD,2015.12.03,04:30,-0.05640752442473118,-0.0003544503466698101,-0.056122864733467615,-0.05669210310791406,1.99246,2.10808,0.9672261675215454,0.307882302235,-5.685623819472352e-05,0.0005929799720333078,100,0.0006,0.9,0,0,0,0
307,GBPCAD,GBPSGD,2015.12.03,04:45,-0.055863108317534715,0.0005444161071964659,-0.055578262132547684,-0.056147873388277314,1.99224,2.1067,0.9676602871761836,0.844581066584,-5.612832569922732e-05,0.0005925652453555881,100,0.0006,0.9,0,0,0,0
308,GBPCAD,GBPSGD,2015.12.03,05:00,-0.05574022919642341,0.00012287912111130783,-0.05545534514230599,-0.05602503211473031,1.99222,2.10642,0.9684601981979323,0.615589981749,-5.20877119733798e-05,0.0005952899200066784,100,0.0006,0.9,0,0,0,0
309,GBPCAD,GBPSGD,2015.12.03,05:15,-0.0555397447285918,0.00020048446783160756,-0.05525490936150712,-0.05582449898759201,1.99296,2.10678,0.9690549584973583,0.662704480163,-4.953500305709957e-05,0.0005954893736245339,100,0.0006,0.9,0,0,0,0
310,GBPCAD,GBPSGD,2015.12.03,05:30,-0.05598825623738202,-0.00044851150879021695,-0.0557034614301144,-0.05627296995965947,1.99235,2.10708,0.9695197347243866,0.25019824876,-4.687975462376093e-05,0.000596011288116772,100,0.0006,0.9,0,0,0,0
311,GBPCAD,GBPSGD,2015.12.03,05:45,-0.0557896868295471,0.00019856940783491428,-0.05550488120745778,-0.05607441136048885,1.99267,2.107,0.9699381559059148,0.661541805105,-5.032668822716913e-05,0.0005973391677443986,100,0.0006,0.9,0,0,0,0
312,GBPCAD,GBPSGD,2015.12.03,06:00,-0.05626065830782123,-0.0004709714782741292,-0.055975931074585206,-0.05654530449453532,1.99228,2.10758,0.9702447223603614,0.239443664739,-4.763567504333599e-05,0.0005978531534106762,100,0.0006,0.9,0,0,0,0
313,GBPCAD,GBPSGD,2015.12.03,06:15,-0.05567321987642304,0.0005874384313981906,-0.05538831958959567,-0.05595803901819463,1.99224,2.1063,0.9708337373269723,0.859642099461,-5.6807267908733914e-05,0.0005972356409335254,100,0.0006,0.9,0,0,0,0
314,GBPCAD,GBPSGD,2015.12.03,06:30,-0.05566916041287584,4.059463547201325e-06,-0.05538423036127538,-0.05595400930246697,1.99204,2.10608,0.971573974494867,0.537402386665,-5.231299886668705e-05,0.0006003991011209259,100,0.0006,0.9,0,0,0,0
315,GBPCAD,GBPSGD,2015.12.03,06:45,-0.056208314108553536,-0.0005391536956776966,-0.05592327576896727,-0.05649327122443604,1.99021,2.10528,0.9720360297283654,0.207637251867,-5.018870641611106e-05,0.0006002171480399733,100,0.0006,0.9,0,0,0,0
316,GBPCAD,GBPSGD,2015.12.03,07:00,-0.05790240804975966,-0.0016940939412061207,-0.057617396789885644,-0.05818733810136012,1.98703,2.10548,0.9728672035548825,0.00326388891412,-5.7576083798196456e-05,0.0006016563405096526,100,0.0006,0.9,1,318,,0.0004911411334365193
317,GBPCAD,GBPSGD,2015.12.03,07:15,-0.05750878487639832,0.0003936231733613349,-0.057223803398265605,-0.057793685163225694,1.98802,2.1057,0.9732726975776643,0.773212340904,-7.36830486464779e-05,0.000623517436579448,100,0.0006,0.9,0,0,0,0
318,GBPCAD,GBPSGD,2015.12.03,07:30,-0.05690498659840515,0.0006037982779931728,-0.056619908984094525,-0.05718998296663047,1.98855,2.10499,0.9736789112421724,0.858989192413,-6.885273400462521e-05,0.0006252629346403702,100,0.0006,0.9,0,0,0,0
319,GBPCAD,GBPSGD,2015.12.03,07:45,-0.05714276182449973,-0.00023777522609458313,-0.056857628665383575,-0.05742781370587191,1.98769,2.10458,0.9741068376159382,0.388815492666,-6.0262627577075675e-05,0.0006285687645513849,100,0.0006,0.9,0,0,0,0
320,GBPCAD,GBPSGD,2015.12.03,08:00,-0.05733512370406224,-0.00019236187956250816,-0.05704991193238984,-0.05762025415317362,1.98676,2.104,0.9745577212396286,0.418243522073,-6.258581551730203e-05,0.000628793439518282,100,0.0006,0.9,0,0,0,0
321,GBPCAD,GBPSGD,2015.12.03,08:15,-0.05757210408577762,-0.00023698038171537927,-0.05728701157132643,-0.05785711534565163,1.98712,2.10488,0.9747579250355318,0.389132189831,-6.019488633506542e-05,0.0006278305086777162,100,0.0006,0.9,0,0,0,0
322,GBPCAD,GBPSGD,2015.12.03,08:30,-0.05749203693110183,8.006715467578918e-05,-0.0572070392091546,-0.05777695345248901,1.98794,2.10558,0.9746395686712953,0.589105048607,-6.139812562337087e-05,0.0006280550709256474,100,0.0006,0.9,0,0,0,0
323,GBPCAD,GBPSGD,2015.12.03,08:45,-0.057523844138186564,-3.180720708473306e-05,-0.057238887022304064,-0.05780872007664284,1.98816,2.10588,0.9743673968467823,0.518432609191,-6.08407021959112e-05,0.0006281566504330707,100,0.0006,0.9,0,0,0,0
324,GBPCAD,GBPSGD,2015.12.03,09:00,-0.05727129629925187,0.00025254783893469135,-0.056986271500165,-0.05755623988235081,1.98819,2.10538,0.9739058563628541,0.68988027074,-5.8552980893674666e-05,0.0006278383712860454,100,0.0006,0.9,0,0,0,0
325,GBPCAD,GBPSGD,2015.12.03,09:15,-0.05623940402504346,0.0010318922742084125,-0.05595413801255411,-0.05652458868404164,1.98856,2.1036,0.9736004330550254,0.958212084628,-5.577927053650566e-05,0.0006286011221037513,100,0.0006,0.9,0,0,0,0
326,GBPCAD,GBPSGD,2015.12.03,09:30,-0.05646627633749013,-0.00022687231244666872,-0.0561810076124184,-0.05675146370752382,1.98809,2.10358,0.9733112497128186,0.389882589209,-4.881080626340406e-05,0.0006367866527243223,100,0.0006,0.9,0,0,0,0
327,GBPCAD,GBPSGD,2015.12.03,09:45,-0.05599068333217294,0.0004755930053171875,-0.05570525447337771,-0.05627603074458132,1.98792,2.1024,0.9730779026100509,0.795177238429,-4.959015606376682e-05,0.0006369581016922784,100,0.0006,0.9,0,0,0,0
328,GBPCAD,GBPSGD,2015.12.03,10:00,-0.05655702537462948,-0.0005663420424565357,-0.05627185427003534,-0.056842115179848385,1.98859,2.1043,0.9723684416356878,0.206273201975,-4.279957166443915e-05,0.0006389177659723275,100,0.0006,0.9,0,0,0,0
